socialmedia,age,mobile,season,newcustomer,adcost,adrevenue,profit,profit %,,,,,,,,,,,,,,,,,,,,,,,,
TikTok,16,mobile,fall,yes,0.03,1.28,1.25,41.66666667,,,,No of ads,Total Profit,Min Age,Max Age,,,,,,,,,,,,,,,,,
TikTok,21,mobile,summer,no,0.21,6.52,6.31,30.04761905,,,YouTube,119,1619.1,10,52,,,,,,,,,,,,,,,,,
TikTok,19,mobile,fall,no,0.11,2.13,2.02,18.36363636,,,Instagram,85,377.63,16,38,,,,,,,,,,,,,,,,,
TikTok,19,mobile,spring,yes,0.08,1.04,0.96,12,,,TikTok,131,1040.95,10,27,,,,,,,,,,,,,,,,,
TikTok,25,mobile,fall,no,0.45,5.66,5.21,11.57777778,,,Twitter,18,232.36,25,45,,,,,,,,,,,,,,,,,
Instagram,33,computer,spring,no,4.53,39.74,35.21,7.772626932,,,Facebook,57,197.38,14,51,,,,,,,,,,,,,,,,,
Twitter,25,mobile,winter,yes,1.67,14.62,12.95,7.754491018,,,,,,,,,,,,,,,,,,,,,,,,
YouTube,30,computer,summer,yes,10.7,92.43,81.73,7.638317757,,PROFIT,,fall,winter,spring,summer,,,ADCOST,,fall,winter,spring,summer,,,PROFIT %,,fall,winter,spring,summer,
TikTok,20,mobile,spring,no,0.8,6.82,6.02,7.525,,,YouTube,381.84,285.59,637.62,314.05,1619.1,,,YouTube,303.06,260.51,420.58,231.28,1215.43,,,YouTube,126%,110%,152%,136%,133%
YouTube,47,computer,spring,no,8.59,69.48,60.89,7.088474971,,,Instagram,136.16,131.53,127.76,26.67,422.12,,,Instagram,138.02,141.78,110.55,90.59,480.94,,,Instagram,99%,93%,116%,29%,88%
TikTok,18,mobile,fall,no,0.19,1.53,1.34,7.052631579,,,TikTok,144.34,112.01,144.23,132.07,532.65,,,TikTok,126.16,136.04,85.74,156.21,504.15,,,TikTok,114%,82%,168%,85%,106%
Instagram,31,computer,spring,no,3.37,26.91,23.54,6.985163205,,,Twitter,24.58,39.29,16.64,2.43,82.94,,,Twitter,15.28,13.36,10.42,6.69,45.75,,,Twitter,161%,294%,160%,36%,181%
TikTok,20,mobile,winter,yes,0.81,6.46,5.65,6.975308642,,,Facebook,30.89,48.22,47.02,31.87,158,,,Facebook,56.77,57.13,68.87,84.5,267.27,,,Facebook,54%,84%,68%,38%,59%
TikTok,16,mobile,fall,no,0.15,1.1,0.95,6.333333333,,,,717.81,616.64,973.27,507.09,2814.81,,,,639.29,608.82,696.16,569.27,2513.54,,,,112%,101%,140%,89%,112%
TikTok,19,mobile,spring,no,0.26,1.83,1.57,6.038461538,,,,,,,,,,,,,,,,,,,,,,,,
YouTube,25,computer,spring,no,13.74,93.73,79.99,5.821688501,,,,fall,winter,spring,summer,,,,,,,,,,,,,,,,,
YouTube,36,computer,summer,yes,12.78,84.2,71.42,5.588419405,,,YouTube,31,25,40,23,,,,,,,,,,,,,,,,,
TikTok,21,mobile,spring,no,7.48,48.9,41.42,5.537433155,,,Instagram,24,25,20,16,,,,,,,,,,,,,,,,,
YouTube,49,computer,spring,no,7.84,51.1,43.26,5.517857143,,,TikTok,37,33,24,37,,,,,,,,,,,,,,,,,
Twitter,35,computer,winter,no,1.92,12.34,10.42,5.427083333,,,Twitter,5,7,4,2,,,,,,,,,,,,,,,,,
Twitter,35,computer,winter,yes,1.35,8.65,7.3,5.407407407,,,Facebook,13,12,15,17,,,,,,,,,,,,,,,,,
Twitter,44,computer,winter,yes,1.61,10.27,8.66,5.378881988,,,,110,102,103,95,,,,,,,,,,,,,,,,,
YouTube,52,computer,fall,yes,8.17,52.06,43.89,5.372093023,,,,,,,,,,,,,,,,,,,,,,,,
TikTok,11,mobile,winter,no,2.41,15.31,12.9,5.352697095,,,,,,,,,,,,,,,,,,,,,,,,
TikTok,12,mobile,winter,yes,4.49,28.51,24.02,5.349665924,,,,,,,,,,,,,,,,,,,,,,,,
TikTok,17,mobile,spring,no,2.48,15.39,12.91,5.205645161,,,,,,,,,,,,,,,,,,,,,,,,
TikTok,21,mobile,spring,yes,2.01,12.37,10.36,5.154228856,,,,,,,,,,,,,,,,,,,,,,,,
YouTube,35,computer,spring,no,9.79,59.21,49.42,5.048008172,,,,,,,,,,,,,,,,,,,,,,,,
TikTok,19,mobile,winter,yes,1.68,9.96,8.28,4.928571429,,,,,,,,,,,,,,,,,,,,,,,,
YouTube,33,computer,winter,no,10.97,64.73,53.76,4.900638104,,,,,,,,,,,,,,,,,,,,,,,,
YouTube,43,computer,spring,no,9.7,56.59,46.89,4.834020619,,,,,,,,,,,,,,,,,,,,,,,,
YouTube,34,computer,fall,no,11.31,65.5,54.19,4.791335102,,,,,,,,,,,,,,,,,,,,,,,,
YouTube,27,computer,fall,no,5.65,32.63,26.98,4.775221239,,,,,,,,,,,,,,,,,,,,,,,,
TikTok,13,mobile,fall,no,3.55,20.15,16.6,4.676056338,,,,,,,,,,,,,,,,,,,,,,,,
TikTok,19,mobile,spring,no,1.58,8.96,7.38,4.670886076,,,,,,,,,,,,,,,,,,,,,,,,
Facebook,26,mobile,fall,no,2.14,12.02,9.88,4.61682243,,,,,,,,,,,,,,,,,,,,,,,,
YouTube,33,computer,spring,yes,5.9,33.05,27.15,4.601694915,,,,,,,,,,,,,,,,,,,,,,,,
TikTok,20,mobile,spring,yes,0.6,3.34,2.74,4.566666667,,,,,,,,,,,,,,,,,,,,,,,,
YouTube,42,computer,spring,no,10.21,56.18,45.97,4.50244858,,,,,,,,,,,,,,,,,,,,,,,,
Twitter,35,computer,spring,no,2.94,15.94,13,4.421768707,,,,,,,,,,,,,,,,,,,,,,,,
TikTok,20,mobile,summer,no,2.1,11.04,8.94,4.257142857,,,,,,,,,,,,,,,,,,,,,,,,
YouTube,40,computer,winter,no,11.27,57.6,46.33,4.110913931,,,,,,,,,,,,,,,,,,,,,,,,
TikTok,17,mobile,fall,yes,7.43,36.78,29.35,3.950201884,,,,,,,,,,,,,,,,,,,,,,,,
TikTok,20,mobile,spring,no,1.51,7.38,5.87,3.887417219,,,,,,,,,,,,,,,,,,,,,,,,
Instagram,27,mobile,fall,yes,4.71,22.61,17.9,3.800424628,,,,,,,,,,,,,,,,,,,,,,,,
Facebook,51,computer,spring,no,2.25,10.54,8.29,3.684444444,,,,,,,,,,,,,,,,,,,,,,,,
TikTok,20,mobile,fall,no,3.52,16.48,12.96,3.681818182,,,,,,,,,,,,,,,,,,,,,,,,
YouTube,18,computer,summer,no,11.97,55.82,43.85,3.663324979,,,,,,,,,,,,,,,,,,,,,,,,
YouTube,36,computer,spring,yes,13.59,62.65,49.06,3.610007358,,,,,,,,,,,,,,,,,,,,,,,,
TikTok,15,mobile,summer,no,4.35,19.55,15.2,3.494252874,,,,,,,,,,,,,,,,,,,,,,,,
YouTube,41,computer,summer,yes,6.96,31.01,24.05,3.45545977,,,,,,,,,,,,,,,,,,,,,,,,
TikTok,11,mobile,winter,yes,3.88,17.23,13.35,3.440721649,,,,,,,,,,,,,,,,,,,,,,,,
TikTok,18,mobile,summer,no,5.72,24.87,19.15,3.347902098,,,,,,,,,,,,,,,,,,,,,,,,
YouTube,37,computer,spring,no,14.81,64.23,49.42,3.336934504,,,,,,,,,,,,,,,,,,,,,,,,
Instagram,22,mobile,fall,no,6.82,29.57,22.75,3.335777126,,,,,,,,,,,,,,,,,,,,,,,,
TikTok,13,mobile,summer,no,5.27,22.55,17.28,3.278937381,,,,,,,,,,,,,,,,,,,,,,,,
Instagram,25,computer,fall,no,6.28,26.75,20.47,3.25955414,,,,,,,,,,,,,,,,,,,,,,,,
YouTube,31,computer,summer,no,5.63,23.95,18.32,3.253996448,,,,,,,,,,,,,,,,,,,,,,,,
YouTube,48,computer,fall,no,12.4,52.73,40.33,3.252419355,,,,,,,,,,,,,,,,,,,,,,,,
Instagram,28,computer,winter,yes,8.86,37.63,28.77,3.24717833,,,,,,,,,,,,,,,,,,,,,,,,
YouTube,34,computer,fall,no,7.88,33.32,25.44,3.228426396,,,,,,,,,,,,,,,,,,,,,,,,
TikTok,19,mobile,winter,yes,1.37,5.76,4.39,3.204379562,,,,,,,,,,,,,,,,,,,,,,,,
Facebook,47,mobile,winter,no,5.49,22.93,17.44,3.176684882,,,,,,,,,,,,,,,,,,,,,,,,
TikTok,22,mobile,fall,no,3.85,16.06,12.21,3.171428571,,,,,,,,,,,,,,,,,,,,,,,,
TikTok,20,mobile,summer,no,7.41,30.73,23.32,3.147098516,,,,,,,,,,,,,,,,,,,,,,,,
TikTok,20,mobile,summer,no,5.79,23.78,17.99,3.107081174,,,,,,,,,,,,,,,,,,,,,,,,
YouTube,30,computer,fall,yes,11.12,45.3,34.18,3.073741007,,,,,,,,,,,,,,,,,,,,,,,,
YouTube,47,computer,fall,no,10.15,41.32,31.17,3.070935961,,,,,,,,,,,,,,,,,,,,,,,,
YouTube,43,mobile,summer,no,10.43,42.25,31.82,3.050814957,,,,,,,,,,,,,,,,,,,,,,,,
TikTok,19,mobile,winter,yes,2.09,8.45,6.36,3.043062201,,,,,,,,,,,,,,,,,,,,,,,,
Twitter,45,mobile,fall,no,3.99,16.01,12.02,3.012531328,,,,,,,,,,,,,,,,,,,,,,,,
YouTube,40,computer,spring,no,7.01,28.11,21.1,3.009985735,,,,,,,,,,,,,,,,,,,,,,,,
Facebook,39,mobile,spring,no,4.03,15.92,11.89,2.950372208,,,,,,,,,,,,,,,,,,,,,,,,
TikTok,19,mobile,spring,no,5.48,21.32,15.84,2.890510949,,,,,,,,,,,,,,,,,,,,,,,,
TikTok,17,mobile,spring,yes,2.76,10.71,7.95,2.880434783,,,,,,,,,,,,,,,,,,,,,,,,
YouTube,39,computer,spring,no,5.25,20.31,15.06,2.868571429,,,,,,,,,,,,,,,,,,,,,,,,
YouTube,24,mobile,winter,no,6.65,25.67,19.02,2.860150376,,,,,,,,,,,,,,,,,,,,,,,,
Instagram,24,mobile,winter,yes,3.03,11.55,8.52,2.811881188,,,,,,,,,,,,,,,,,,,,,,,,
TikTok,16,mobile,winter,yes,4.33,16.39,12.06,2.7852194,,,,,,,,,,,,,,,,,,,,,,,,
Facebook,40,mobile,spring,no,4.1,15.23,11.13,2.714634146,,,,,,,,,,,,,,,,,,,,,,,,
TikTok,18,computer,summer,yes,1.45,5.35,3.9,2.689655172,,,,,,,,,,,,,,,,,,,,,,,,
YouTube,49,computer,winter,no,11.85,43.72,31.87,2.689451477,,,,,,,,,,,,,,,,,,,,,,,,
YouTube,21,computer,fall,no,7.66,27.62,19.96,2.605744125,,,,,,,,,,,,,,,,,,,,,,,,
YouTube,27,computer,winter,no,6.22,21.73,15.51,2.493569132,,,,,,,,,,,,,,,,,,,,,,,,
Instagram,29,mobile,fall,no,7.69,26.8,19.11,2.485045514,,,,,,,,,,,,,,,,,,,,,,,,
TikTok,25,mobile,fall,yes,3.94,13.73,9.79,2.484771574,,,,,,,,,,,,,,,,,,,,,,,,
TikTok,13,mobile,winter,no,4.19,14.58,10.39,2.479713604,,,,,,,,,,,,,,,,,,,,,,,,
TikTok,20,mobile,summer,yes,2.28,7.76,5.48,2.403508772,,,,,,,,,,,,,,,,,,,,,,,,
Instagram,23,mobile,fall,no,3.71,12.59,8.88,2.393530997,,,,,,,,,,,,,,,,,,,,,,,,
Instagram,29,mobile,winter,yes,3.69,12.49,8.8,2.384823848,,,,,,,,,,,,,,,,,,,,,,,,
TikTok,17,mobile,fall,yes,1.06,3.58,2.52,2.377358491,,,,,,,,,,,,,,,,,,,,,,,,
TikTok,13,mobile,fall,yes,4.75,15.85,11.1,2.336842105,,,,,,,,,,,,,,,,,,,,,,,,
TikTok,21,mobile,summer,no,2.5,8.33,5.83,2.332,,,,,,,,,,,,,,,,,,,,,,,,
YouTube,20,computer,fall,yes,13.2,43.94,30.74,2.328787879,,,,,,,,,,,,,,,,,,,,,,,,
Facebook,28,mobile,winter,no,2.64,8.72,6.08,2.303030303,,,,,,,,,,,,,,,,,,,,,,,,
Instagram,28,mobile,spring,no,6.39,20.69,14.3,2.237871674,,,,,,,,,,,,,,,,,,,,,,,,
YouTube,38,computer,fall,no,7.32,23.64,16.32,2.229508197,,,,,,,,,,,,,,,,,,,,,,,,
Instagram,25,mobile,winter,yes,3.49,11.11,7.62,2.183381089,,,,,,,,,,,,,,,,,,,,,,,,
Twitter,38,mobile,fall,no,3.95,12.57,8.62,2.182278481,,,,,,,,,,,,,,,,,,,,,,,,
Facebook,51,computer,summer,no,5.66,17.87,12.21,2.157243816,,,,,,,,,,,,,,,,,,,,,,,,
YouTube,16,computer,winter,no,13.29,41.67,28.38,2.135440181,,,,,,,,,,,,,,,,,,,,,,,,
YouTube,37,computer,winter,yes,7.24,22.62,15.38,2.124309392,,,,,,,,,,,,,,,,,,,,,,,,
Instagram,20,mobile,spring,no,6.44,20.05,13.61,2.113354037,,,,,,,,,,,,,,,,,,,,,,,,
YouTube,37,computer,spring,no,11.4,35.1,23.7,2.078947368,,,,,,,,,,,,,,,,,,,,,,,,
Instagram,38,computer,fall,yes,5.87,17.9,12.03,2.049403748,,,,,,,,,,,,,,,,,,,,,,,,
Facebook,24,mobile,fall,no,6.26,18.9,12.64,2.019169329,,,,,,,,,,,,,,,,,,,,,,,,
TikTok,15,mobile,winter,no,2.19,6.61,4.42,2.01826484,,,,,,,,,,,,,,,,,,,,,,,,
Instagram,21,mobile,fall,no,6.15,18.5,12.35,2.008130081,,,,,,,,,,,,,,,,,,,,,,,,
TikTok,16,mobile,winter,no,1.97,5.92,3.95,2.005076142,,,,,,,,,,,,,,,,,,,,,,,,
TikTok,18,mobile,summer,no,1.2,3.59,2.39,1.991666667,,,,,,,,,,,,,,,,,,,,,,,,
TikTok,20,mobile,summer,no,5.72,17.04,11.32,1.979020979,,,,,,,,,,,,,,,,,,,,,,,,
Instagram,27,mobile,winter,no,3.28,9.77,6.49,1.978658537,,,,,,,,,,,,,,,,,,,,,,,,
YouTube,32,computer,spring,no,8.8,26.09,17.29,1.964772727,,,,,,,,,,,,,,,,,,,,,,,,
Instagram,19,mobile,winter,yes,6.92,20.34,13.42,1.939306358,,,,,,,,,,,,,,,,,,,,,,,,
Facebook,31,computer,winter,no,2.71,7.95,5.24,1.933579336,,,,,,,,,,,,,,,,,,,,,,,,
TikTok,21,mobile,summer,no,3.81,11.17,7.36,1.93175853,,,,,,,,,,,,,,,,,,,,,,,,
TikTok,18,mobile,fall,yes,0.96,2.8,1.84,1.916666667,,,,,,,,,,,,,,,,,,,,,,,,
YouTube,48,computer,fall,no,13.87,39.99,26.12,1.883201154,,,,,,,,,,,,,,,,,,,,,,,,
TikTok,20,mobile,spring,no,6.15,17.58,11.43,1.858536585,,,,,,,,,,,,,,,,,,,,,,,,
TikTok,16,mobile,winter,no,6.06,17.3,11.24,1.854785479,,,,,,,,,,,,,,,,,,,,,,,,
YouTube,41,computer,fall,yes,10.68,30.37,19.69,1.843632959,,,,,,,,,,,,,,,,,,,,,,,,
Instagram,24,mobile,spring,yes,3.92,11.13,7.21,1.839285714,,,,,,,,,,,,,,,,,,,,,,,,
TikTok,21,mobile,fall,no,1.41,3.99,2.58,1.829787234,,,,,,,,,,,,,,,,,,,,,,,,
Facebook,25,mobile,summer,no,4.63,13.03,8.4,1.81425486,,,,,,,,,,,,,,,,,,,,,,,,
Instagram,20,mobile,winter,no,7.23,20.16,12.93,1.788381743,,,,,,,,,,,,,,,,,,,,,,,,
YouTube,18,computer,spring,no,9.41,25.9,16.49,1.752391073,,,,,,,,,,,,,,,,,,,,,,,,
Instagram,28,mobile,winter,no,8.98,24.69,15.71,1.749443207,,,,,,,,,,,,,,,,,,,,,,,,
YouTube,42,computer,spring,no,8.4,22.85,14.45,1.720238095,,,,,,,,,,,,,,,,,,,,,,,,
YouTube,40,mobile,summer,yes,8.71,23.54,14.83,1.702640643,,,,,,,,,,,,,,,,,,,,,,,,
Instagram,31,mobile,spring,no,7.39,19.75,12.36,1.672530447,,,,,,,,,,,,,,,,,,,,,,,,
YouTube,36,computer,winter,yes,14.16,37.22,23.06,1.628531073,,,,,,,,,,,,,,,,,,,,,,,,
YouTube,43,mobile,winter,no,14.03,36.66,22.63,1.612972202,,,,,,,,,,,,,,,,,,,,,,,,
YouTube,11,computer,winter,no,8.46,21.76,13.3,1.572104019,,,,,,,,,,,,,,,,,,,,,,,,
Twitter,30,mobile,fall,no,3.19,8.19,5,1.567398119,,,,,,,,,,,,,,,,,,,,,,,,
Instagram,22,mobile,winter,no,5.92,15.11,9.19,1.552364865,,,,,,,,,,,,,,,,,,,,,,,,
Instagram,27,mobile,summer,yes,3.52,8.96,5.44,1.545454545,,,,,,,,,,,,,,,,,,,,,,,,
TikTok,19,mobile,fall,no,7.54,18.97,11.43,1.515915119,,,,,,,,,,,,,,,,,,,,,,,,
TikTok,16,mobile,fall,yes,4.21,10.46,6.25,1.48456057,,,,,,,,,,,,,,,,,,,,,,,,
Facebook,32,mobile,spring,no,4.51,11.18,6.67,1.478935698,,,,,,,,,,,,,,,,,,,,,,,,
YouTube,20,mobile,winter,no,11.89,29.25,17.36,1.460050463,,,,,,,,,,,,,,,,,,,,,,,,
Facebook,40,computer,winter,no,5.87,14.43,8.56,1.458262351,,,,,,,,,,,,,,,,,,,,,,,,
YouTube,35,computer,fall,yes,6.12,14.97,8.85,1.446078431,,,,,,,,,,,,,,,,,,,,,,,,
Instagram,26,mobile,fall,no,3.15,7.7,4.55,1.444444444,,,,,,,,,,,,,,,,,,,,,,,,
TikTok,24,mobile,fall,no,1.97,4.81,2.84,1.441624365,,,,,,,,,,,,,,,,,,,,,,,,
YouTube,28,mobile,spring,no,7.7,18.61,10.91,1.416883117,,,,,,,,,,,,,,,,,,,,,,,,
TikTok,19,mobile,fall,yes,3.42,8.25,4.83,1.412280702,,,,,,,,,,,,,,,,,,,,,,,,
YouTube,24,computer,winter,yes,5.09,12.26,7.17,1.408644401,,,,,,,,,,,,,,,,,,,,,,,,
Instagram,25,computer,summer,yes,7.94,19.07,11.13,1.401763224,,,,,,,,,,,,,,,,,,,,,,,,
YouTube,23,computer,spring,yes,13.1,31.35,18.25,1.393129771,,,,,,,,,,,,,,,,,,,,,,,,
Instagram,27,mobile,winter,yes,6.45,15.4,8.95,1.387596899,,,,,,,,,,,,,,,,,,,,,,,,
Facebook,47,mobile,winter,no,6.56,15.65,9.09,1.385670732,,,,,,,,,,,,,,,,,,,,,,,,
Instagram,26,mobile,spring,no,8.23,19.45,11.22,1.363304982,,,,,,,,,,,,,,,,,,,,,,,,
YouTube,27,mobile,spring,yes,6.69,15.75,9.06,1.35426009,,,,,,,,,,,,,,,,,,,,,,,,
TikTok,16,mobile,fall,yes,1.38,3.23,1.85,1.34057971,,,,,,,,,,,,,,,,,,,,,,,,
YouTube,20,computer,spring,yes,6.23,14.51,8.28,1.32905297,,,,,,,,,,,,,,,,,,,,,,,,
Facebook,26,mobile,spring,no,5.92,13.66,7.74,1.307432432,,,,,,,,,,,,,,,,,,,,,,,,
TikTok,23,mobile,winter,no,0.1,0.23,0.13,1.3,,,,,,,,,,,,,,,,,,,,,,,,
TikTok,22,mobile,winter,yes,1.79,4.09,2.3,1.284916201,,,,,,,,,,,,,,,,,,,,,,,,
TikTok,23,mobile,summer,yes,3.74,8.53,4.79,1.280748663,,,,,,,,,,,,,,,,,,,,,,,,
Instagram,27,mobile,summer,no,5.33,12.14,6.81,1.277673546,,,,,,,,,,,,,,,,,,,,,,,,
Facebook,42,computer,winter,yes,5.29,12.01,6.72,1.270321361,,,,,,,,,,,,,,,,,,,,,,,,
Twitter,41,mobile,winter,no,1.72,3.89,2.17,1.261627907,,,,,,,,,,,,,,,,,,,,,,,,
Twitter,31,computer,spring,no,2.44,5.49,3.05,1.25,,,,,,,,,,,,,,,,,,,,,,,,
YouTube,35,computer,fall,yes,12.96,29.14,16.18,1.24845679,,,,,,,,,,,,,,,,,,,,,,,,
Facebook,28,mobile,spring,yes,5.61,12.58,6.97,1.242424242,,,,,,,,,,,,,,,,,,,,,,,,
TikTok,15,computer,spring,yes,4.78,10.65,5.87,1.228033473,,,,,,,,,,,,,,,,,,,,,,,,
YouTube,18,mobile,summer,yes,11.65,25.88,14.23,1.221459227,,,,,,,,,,,,,,,,,,,,,,,,
Instagram,32,mobile,winter,no,4.58,10.01,5.43,1.18558952,,,,,,,,,,,,,,,,,,,,,,,,
TikTok,18,mobile,spring,no,2.51,5.48,2.97,1.183266932,,,,,,,,,,,,,,,,,,,,,,,,
TikTok,16,mobile,fall,no,2.13,4.61,2.48,1.164319249,,,,,,,,,,,,,,,,,,,,,,,,
TikTok,24,mobile,spring,yes,1.08,2.28,1.2,1.111111111,,,,,,,,,,,,,,,,,,,,,,,,
TikTok,19,mobile,winter,yes,6.97,14.64,7.67,1.100430416,,,,,,,,,,,,,,,,,,,,,,,,
TikTok,17,mobile,summer,no,2.58,5.37,2.79,1.081395349,,,,,,,,,,,,,,,,,,,,,,,,
Facebook,22,mobile,fall,no,6.85,14.09,7.24,1.056934307,,,,,,,,,,,,,,,,,,,,,,,,
Twitter,38,mobile,summer,yes,2.85,5.84,2.99,1.049122807,,,,,,,,,,,,,,,,,,,,,,,,
Instagram,35,mobile,winter,no,5.89,11.93,6.04,1.025466893,,,,,,,,,,,,,,,,,,,,,,,,
YouTube,41,mobile,summer,yes,11.33,22.77,11.44,1.009708738,,,,,,,,,,,,,,,,,,,,,,,,
YouTube,29,computer,summer,no,12.53,24.98,12.45,0.993615323,,,,,,,,,,,,,,,,,,,,,,,,
Instagram,28,mobile,spring,yes,5.85,11.54,5.69,0.972649573,,,,,,,,,,,,,,,,,,,,,,,,
Facebook,25,mobile,summer,no,4.52,8.9,4.38,0.969026549,,,,,,,,,,,,,,,,,,,,,,,,
Facebook,31,mobile,fall,no,6.98,13.71,6.73,0.964183381,,,,,,,,,,,,,,,,,,,,,,,,
Instagram,30,mobile,spring,no,3.74,7.34,3.6,0.962566845,,,,,,,,,,,,,,,,,,,,,,,,
Facebook,28,mobile,summer,no,5.08,9.86,4.78,0.940944882,,,,,,,,,,,,,,,,,,,,,,,,
YouTube,20,computer,summer,yes,5.87,11.27,5.4,0.919931857,,,,,,,,,,,,,,,,,,,,,,,,
TikTok,15,mobile,fall,no,0.68,1.29,0.61,0.897058824,,,,,,,,,,,,,,,,,,,,,,,,
YouTube,16,computer,fall,no,8.3,15.62,7.32,0.881927711,,,,,,,,,,,,,,,,,,,,,,,,
TikTok,16,mobile,winter,no,3.48,6.51,3.03,0.870689655,,,,,,,,,,,,,,,,,,,,,,,,
Facebook,34,mobile,summer,yes,3.03,5.65,2.62,0.864686469,,,,,,,,,,,,,,,,,,,,,,,,
YouTube,38,computer,winter,no,10.68,19.84,9.16,0.857677903,,,,,,,,,,,,,,,,,,,,,,,,
YouTube,35,computer,fall,no,5.48,9.89,4.41,0.804744526,,,,,,,,,,,,,,,,,,,,,,,,
YouTube,29,computer,spring,no,7.26,13.01,5.75,0.792011019,,,,,,,,,,,,,,,,,,,,,,,,
Instagram,31,mobile,fall,no,5.34,9.4,4.06,0.760299625,,,,,,,,,,,,,,,,,,,,,,,,
YouTube,37,computer,summer,yes,14.49,25.5,11.01,0.759834369,,,,,,,,,,,,,,,,,,,,,,,,
TikTok,20,computer,spring,no,7.91,13.82,5.91,0.747155499,,,,,,,,,,,,,,,,,,,,,,,,
Instagram,26,computer,summer,yes,3,5.18,2.18,0.726666667,,,,,,,,,,,,,,,,,,,,,,,,
TikTok,16,mobile,fall,no,7.75,13.38,5.63,0.726451613,,,,,,,,,,,,,,,,,,,,,,,,
Instagram,22,mobile,fall,no,8.87,15.03,6.16,0.694475761,,,,,,,,,,,,,,,,,,,,,,,,
YouTube,38,computer,fall,no,12.62,21.24,8.62,0.683042789,,,,,,,,,,,,,,,,,,,,,,,,
TikTok,21,mobile,spring,no,6.74,11.26,4.52,0.670623145,,,,,,,,,,,,,,,,,,,,,,,,
YouTube,36,mobile,spring,no,12.51,20.87,8.36,0.668265388,,,,,,,,,,,,,,,,,,,,,,,,
Instagram,26,computer,winter,no,3.9,6.47,2.57,0.658974359,,,,,,,,,,,,,,,,,,,,,,,,
Facebook,24,mobile,summer,no,3.43,5.67,2.24,0.653061224,,,,,,,,,,,,,,,,,,,,,,,,
YouTube,35,computer,winter,no,9.42,15.56,6.14,0.651804671,,,,,,,,,,,,,,,,,,,,,,,,
Facebook,39,computer,summer,no,4.48,7.37,2.89,0.645089286,,,,,,,,,,,,,,,,,,,,,,,,
TikTok,18,mobile,winter,yes,4.3,7.06,2.76,0.641860465,,,,,,,,,,,,,,,,,,,,,,,,
TikTok,27,mobile,fall,no,5.56,8.96,3.4,0.611510791,,,,,,,,,,,,,,,,,,,,,,,,
YouTube,28,computer,spring,yes,14.01,22.43,8.42,0.600999286,,,,,,,,,,,,,,,,,,,,,,,,
Instagram,20,mobile,summer,yes,4.57,7.31,2.74,0.599562363,,,,,,,,,,,,,,,,,,,,,,,,
Instagram,31,mobile,summer,no,8.41,13.42,5.01,0.595719382,,,,,,,,,,,,,,,,,,,,,,,,
Instagram,30,computer,spring,no,4.22,6.72,2.5,0.592417062,,,,,,,,,,,,,,,,,,,,,,,,
YouTube,19,mobile,winter,no,5.57,8.81,3.24,0.581687612,,,,,,,,,,,,,,,,,,,,,,,,
Instagram,32,mobile,winter,yes,8.95,13.94,4.99,0.557541899,,,,,,,,,,,,,,,,,,,,,,,,
Facebook,30,mobile,fall,no,3.52,5.47,1.95,0.553977273,,,,,,,,,,,,,,,,,,,,,,,,
TikTok,14,mobile,spring,no,5.16,7.98,2.82,0.546511628,,,,,,,,,,,,,,,,,,,,,,,,
YouTube,29,computer,summer,yes,11.39,17.57,6.18,0.542581212,,,,,,,,,,,,,,,,,,,,,,,,
Facebook,24,computer,fall,no,2.77,4.25,1.48,0.534296029,,,,,,,,,,,,,,,,,,,,,,,,
Instagram,21,mobile,winter,yes,4.81,7.37,2.56,0.532224532,,,,,,,,,,,,,,,,,,,,,,,,
TikTok,21,mobile,spring,no,2.16,3.26,1.1,0.509259259,,,,,,,,,,,,,,,,,,,,,,,,
Instagram,32,computer,spring,yes,5.81,8.72,2.91,0.500860585,,,,,,,,,,,,,,,,,,,,,,,,
Instagram,24,mobile,fall,no,6.5,9.62,3.12,0.48,,,,,,,,,,,,,,,,,,,,,,,,
Instagram,16,mobile,winter,no,3.5,5.13,1.63,0.465714286,,,,,,,,,,,,,,,,,,,,,,,,
Instagram,28,mobile,summer,no,3.13,4.57,1.44,0.460063898,,,,,,,,,,,,,,,,,,,,,,,,
Instagram,30,mobile,fall,no,4.11,6,1.89,0.459854015,,,,,,,,,,,,,,,,,,,,,,,,
Instagram,25,mobile,spring,no,8.95,12.98,4.03,0.45027933,,,,,,,,,,,,,,,,,,,,,,,,
Instagram,31,computer,fall,no,5.01,7.26,2.25,0.449101796,,,,,,,,,,,,,,,,,,,,,,,,
Facebook,14,mobile,fall,no,2.47,3.57,1.1,0.44534413,,,,,,,,,,,,,,,,,,,,,,,,
YouTube,40,computer,fall,yes,10.88,15.52,4.64,0.426470588,,,,,,,,,,,,,,,,,,,,,,,,
Instagram,27,mobile,fall,yes,4.07,5.8,1.73,0.425061425,,,,,,,,,,,,,,,,,,,,,,,,
Facebook,27,computer,spring,no,3.65,5.2,1.55,0.424657534,,,,,,,,,,,,,,,,,,,,,,,,
Instagram,26,mobile,fall,no,6.83,9.68,2.85,0.41727672,,,,,,,,,,,,,,,,,,,,,,,,
YouTube,30,computer,spring,yes,14.37,20.34,5.97,0.415448852,,,,,,,,,,,,,,,,,,,,,,,,
Instagram,29,mobile,summer,yes,5.43,7.66,2.23,0.4106814,,,,,,,,,,,,,,,,,,,,,,,,
TikTok,18,mobile,fall,yes,0.72,1.01,0.29,0.402777778,,,,,,,,,,,,,,,,,,,,,,,,
TikTok,16,mobile,summer,no,3.67,5.12,1.45,0.395095368,,,,,,,,,,,,,,,,,,,,,,,,
Instagram,27,computer,spring,no,4.87,6.79,1.92,0.394250513,,,,,,,,,,,,,,,,,,,,,,,,
TikTok,18,mobile,spring,no,2.39,3.32,0.93,0.389121339,,,,,,,,,,,,,,,,,,,,,,,,
TikTok,22,mobile,fall,no,2.16,2.98,0.82,0.37962963,,,,,,,,,,,,,,,,,,,,,,,,
Facebook,26,mobile,spring,no,4.74,6.51,1.77,0.373417722,,,,,,,,,,,,,,,,,,,,,,,,
TikTok,19,computer,winter,yes,6.92,9.44,2.52,0.36416185,,,,,,,,,,,,,,,,,,,,,,,,
YouTube,14,mobile,winter,no,9.67,13.19,3.52,0.36401241,,,,,,,,,,,,,,,,,,,,,,,,
YouTube,31,computer,spring,no,10.87,14.73,3.86,0.355105796,,,,,,,,,,,,,,,,,,,,,,,,
TikTok,20,mobile,fall,yes,5.47,7.29,1.82,0.332723949,,,,,,,,,,,,,,,,,,,,,,,,
YouTube,32,mobile,spring,yes,14.6,19.32,4.72,0.323287671,,,,,,,,,,,,,,,,,,,,,,,,
YouTube,34,computer,winter,no,11.34,15,3.66,0.322751323,,,,,,,,,,,,,,,,,,,,,,,,
YouTube,26,mobile,spring,yes,13.12,17.24,4.12,0.31402439,,,,,,,,,,,,,,,,,,,,,,,,
YouTube,32,computer,spring,yes,8.65,11.35,2.7,0.312138728,,,,,,,,,,,,,,,,,,,,,,,,
TikTok,18,mobile,summer,yes,5.74,7.45,1.71,0.297909408,,,,,,,,,,,,,,,,,,,,,,,,
Facebook,28,mobile,summer,no,3.32,4.29,0.97,0.292168675,,,,,,,,,,,,,,,,,,,,,,,,
Instagram,30,computer,fall,yes,6.18,7.95,1.77,0.286407767,,,,,,,,,,,,,,,,,,,,,,,,
Instagram,25,mobile,fall,no,3.85,4.9,1.05,0.272727273,,,,,,,,,,,,,,,,,,,,,,,,
Facebook,22,mobile,summer,no,5.88,7.4,1.52,0.258503401,,,,,,,,,,,,,,,,,,,,,,,,
TikTok,21,mobile,fall,no,7.98,10.01,2.03,0.254385965,,,,,,,,,,,,,,,,,,,,,,,,
Instagram,19,mobile,summer,yes,8.76,10.96,2.2,0.251141553,,,,,,,,,,,,,,,,,,,,,,,,
TikTok,16,computer,summer,yes,6.78,8.45,1.67,0.246312684,,,,,,,,,,,,,,,,,,,,,,,,
TikTok,15,mobile,fall,no,7.81,9.73,1.92,0.245838668,,,,,,,,,,,,,,,,,,,,,,,,
Instagram,26,mobile,spring,no,4.71,5.85,1.14,0.242038217,,,,,,,,,,,,,,,,,,,,,,,,
TikTok,14,mobile,fall,yes,4.49,5.57,1.08,0.240534521,,,,,,,,,,,,,,,,,,,,,,,,
TikTok,24,computer,summer,yes,5.3,6.57,1.27,0.239622642,,,,,,,,,,,,,,,,,,,,,,,,
Instagram,29,mobile,winter,no,5.59,6.92,1.33,0.237924866,,,,,,,,,,,,,,,,,,,,,,,,
YouTube,38,computer,fall,no,13.56,16.77,3.21,0.236725664,,,,,,,,,,,,,,,,,,,,,,,,
Facebook,20,computer,winter,no,4.38,5.39,1.01,0.230593607,,,,,,,,,,,,,,,,,,,,,,,,
YouTube,46,computer,spring,yes,14.65,18,3.35,0.228668942,,,,,,,,,,,,,,,,,,,,,,,,
TikTok,16,mobile,fall,yes,3.81,4.68,0.87,0.228346457,,,,,,,,,,,,,,,,,,,,,,,,
Facebook,33,mobile,spring,no,5.11,6.23,1.12,0.219178082,,,,,,,,,,,,,,,,,,,,,,,,
TikTok,16,mobile,summer,no,2.93,3.52,0.59,0.201365188,,,,,,,,,,,,,,,,,,,,,,,,
YouTube,21,mobile,spring,no,14.93,17.9,2.97,0.198928332,,,,,,,,,,,,,,,,,,,,,,,,
Facebook,30,mobile,summer,no,5.48,6.55,1.07,0.195255474,,,,,,,,,,,,,,,,,,,,,,,,
TikTok,22,mobile,fall,yes,2.65,3.14,0.49,0.18490566,,,,,,,,,,,,,,,,,,,,,,,,
Instagram,27,computer,winter,yes,7.8,9.09,1.29,0.165384615,,,,,,,,,,,,,,,,,,,,,,,,
Instagram,29,mobile,winter,yes,3.53,4.11,0.58,0.164305949,,,,,,,,,,,,,,,,,,,,,,,,
Twitter,45,mobile,spring,no,3,3.43,0.43,0.143333333,,,,,,,,,,,,,,,,,,,,,,,,
Facebook,31,mobile,summer,no,3.25,3.7,0.45,0.138461538,,,,,,,,,,,,,,,,,,,,,,,,
YouTube,36,computer,spring,yes,10.14,11.53,1.39,0.137080868,,,,,,,,,,,,,,,,,,,,,,,,
YouTube,47,computer,winter,yes,10.55,11.91,1.36,0.128909953,,,,,,,,,,,,,,,,,,,,,,,,
YouTube,36,computer,fall,yes,5.2,5.86,0.66,0.126923077,,,,,,,,,,,,,,,,,,,,,,,,
YouTube,26,computer,summer,no,10.56,11.87,1.31,0.12405303,,,,,,,,,,,,,,,,,,,,,,,,
Instagram,30,computer,winter,no,5.04,5.6,0.56,0.111111111,,,,,,,,,,,,,,,,,,,,,,,,
YouTube,27,computer,spring,yes,13.86,15.18,1.32,0.095238095,,,,,,,,,,,,,,,,,,,,,,,,
YouTube,29,computer,winter,no,13.65,14.86,1.21,0.088644689,,,,,,,,,,,,,,,,,,,,,,,,
YouTube,51,computer,spring,no,10.55,11.44,0.89,0.08436019,,,,,,,,,,,,,,,,,,,,,,,,
Twitter,31,computer,spring,no,2.04,2.2,0.16,0.078431373,,,,,,,,,,,,,,,,,,,,,,,,
Facebook,31,computer,fall,no,3.21,3.46,0.25,0.07788162,,,,,,,,,,,,,,,,,,,,,,,,
Facebook,31,mobile,fall,no,3.17,3.39,0.22,0.069400631,,,,,,,,,,,,,,,,,,,,,,,,
Instagram,32,computer,fall,yes,8.01,8.52,0.51,0.063670412,,,,,,,,,,,,,,,,,,,,,,,,
Instagram,31,mobile,summer,yes,8.94,9.47,0.53,0.059284116,,,,,,,,,,,,,,,,,,,,,,,,
YouTube,38,computer,spring,no,8.84,9.35,0.51,0.057692308,,,,,,,,,,,,,,,,,,,,,,,,
TikTok,18,mobile,summer,no,1.11,1.17,0.06,0.054054054,,,,,,,,,,,,,,,,,,,,,,,,
Facebook,28,computer,winter,no,5.28,5.54,0.26,0.049242424,,,,,,,,,,,,,,,,,,,,,,,,
Facebook,45,computer,summer,yes,4.19,4.39,0.2,0.047732697,,,,,,,,,,,,,,,,,,,,,,,,
TikTok,18,mobile,summer,no,6.46,6.7,0.24,0.037151703,,,,,,,,,,,,,,,,,,,,,,,,
YouTube,16,computer,spring,no,7.33,7.6,0.27,0.036834925,,,,,,,,,,,,,,,,,,,,,,,,
Instagram,23,mobile,fall,yes,5.81,6,0.19,0.032702238,,,,,,,,,,,,,,,,,,,,,,,,
Instagram,19,mobile,spring,yes,4.43,4.51,0.08,0.018058691,,,,,,,,,,,,,,,,,,,,,,,,
YouTube,26,mobile,fall,no,12.42,12.49,0.07,0.005636071,,,,,,,,,,,,,,,,,,,,,,,,
TikTok,17,mobile,summer,yes,0.8,0.8,0,0,,,,,,,,,,,,,,,,,,,,,,,,
TikTok,20,mobile,winter,yes,7.57,7.54,-0.03,-0.003963012,,,,,,,,,,,,,,,,,,,,,,,,
YouTube,20,computer,spring,no,5.85,5.75,-0.1,-0.017094017,,,,,,,,,,,,,,,,,,,,,,,,
TikTok,19,mobile,winter,yes,6.46,6.28,-0.18,-0.027863777,,,,,,,,,,,,,,,,,,,,,,,,
TikTok,15,computer,summer,no,6.05,5.88,-0.17,-0.028099174,,,,,,,,,,,,,,,,,,,,,,,,
TikTok,20,computer,winter,yes,2.66,2.57,-0.09,-0.033834586,,,,,,,,,,,,,,,,,,,,,,,,
YouTube,26,computer,fall,no,12.51,12.08,-0.43,-0.034372502,,,,,,,,,,,,,,,,,,,,,,,,
Instagram,30,mobile,winter,no,4.11,3.96,-0.15,-0.03649635,,,,,,,,,,,,,,,,,,,,,,,,
TikTok,15,mobile,summer,yes,1.52,1.44,-0.08,-0.052631579,,,,,,,,,,,,,,,,,,,,,,,,
TikTok,17,mobile,summer,no,1.99,1.88,-0.11,-0.055276382,,,,,,,,,,,,,,,,,,,,,,,,
TikTok,18,mobile,spring,no,3.94,3.66,-0.28,-0.07106599,,,,,,,,,,,,,,,,,,,,,,,,
TikTok,20,mobile,winter,no,6.68,6.2,-0.48,-0.071856287,,,,,,,,,,,,,,,,,,,,,,,,
Instagram,28,computer,fall,no,4.8,4.43,-0.37,-0.077083333,,,,,,,,,,,,,,,,,,,,,,,,
Facebook,31,mobile,summer,no,6.83,6.3,-0.53,-0.077598829,,,,,,,,,,,,,,,,,,,,,,,,
YouTube,45,computer,summer,yes,5.4,4.95,-0.45,-0.083333333,,,,,,,,,,,,,,,,,,,,,,,,
TikTok,21,mobile,winter,yes,0.9,0.82,-0.08,-0.088888889,,,,,,,,,,,,,,,,,,,,,,,,
Instagram,30,mobile,fall,no,8.02,7.24,-0.78,-0.097256858,,,,,,,,,,,,,,,,,,,,,,,,
Instagram,20,mobile,summer,no,5.58,5.02,-0.56,-0.100358423,,,,,,,,,,,,,,,,,,,,,,,,
Instagram,27,mobile,summer,no,3.43,3.08,-0.35,-0.102040816,,,,,,,,,,,,,,,,,,,,,,,,
Facebook,32,mobile,winter,no,5.04,4.47,-0.57,-0.113095238,,,,,,,,,,,,,,,,,,,,,,,,
TikTok,17,mobile,summer,no,2.41,2.12,-0.29,-0.12033195,,,,,,,,,,,,,,,,,,,,,,,,
YouTube,35,computer,fall,no,12.21,10.69,-1.52,-0.124488124,,,,,,,,,,,,,,,,,,,,,,,,
TikTok,16,mobile,winter,yes,6.75,5.89,-0.86,-0.127407407,,,,,,,,,,,,,,,,,,,,,,,,
Facebook,34,computer,spring,no,5.35,4.62,-0.73,-0.136448598,,,,,,,,,,,,,,,,,,,,,,,,
TikTok,19,mobile,summer,yes,7.54,6.49,-1.05,-0.139257294,,,,,,,,,,,,,,,,,,,,,,,,
Twitter,36,mobile,summer,yes,3.84,3.28,-0.56,-0.145833333,,,,,,,,,,,,,,,,,,,,,,,,
Facebook,30,computer,spring,no,4.94,4.2,-0.74,-0.149797571,,,,,,,,,,,,,,,,,,,,,,,,
Twitter,26,mobile,fall,no,1.38,1.17,-0.21,-0.152173913,,,,,,,,,,,,,,,,,,,,,,,,
Instagram,23,mobile,spring,no,5.25,4.41,-0.84,-0.16,,,,,,,,,,,,,,,,,,,,,,,,
YouTube,44,computer,spring,no,14.19,11.8,-2.39,-0.168428471,,,,,,,,,,,,,,,,,,,,,,,,
Instagram,32,mobile,summer,no,4.21,3.48,-0.73,-0.173396675,,,,,,,,,,,,,,,,,,,,,,,,
YouTube,35,mobile,summer,no,10.23,8.26,-1.97,-0.19257087,,,,,,,,,,,,,,,,,,,,,,,,
Facebook,32,computer,summer,yes,4.9,3.93,-0.97,-0.197959184,,,,,,,,,,,,,,,,,,,,,,,,
Facebook,38,computer,winter,yes,4.18,3.34,-0.84,-0.200956938,,,,,,,,,,,,,,,,,,,,,,,,
YouTube,35,mobile,winter,yes,14.87,11.73,-3.14,-0.211163416,,,,,,,,,,,,,,,,,,,,,,,,
Instagram,32,mobile,fall,no,7.09,5.58,-1.51,-0.212976023,,,,,,,,,,,,,,,,,,,,,,,,
Facebook,24,mobile,spring,yes,6.65,5.22,-1.43,-0.215037594,,,,,,,,,,,,,,,,,,,,,,,,
YouTube,28,computer,summer,yes,10.97,8.59,-2.38,-0.216955333,,,,,,,,,,,,,,,,,,,,,,,,
TikTok,15,mobile,winter,yes,5.1,3.96,-1.14,-0.223529412,,,,,,,,,,,,,,,,,,,,,,,,
TikTok,16,mobile,summer,yes,3.71,2.85,-0.86,-0.23180593,,,,,,,,,,,,,,,,,,,,,,,,
Facebook,37,mobile,winter,no,5.24,4.01,-1.23,-0.234732824,,,,,,,,,,,,,,,,,,,,,,,,
YouTube,26,computer,spring,yes,13.34,10.17,-3.17,-0.237631184,,,,,,,,,,,,,,,,,,,,,,,,
TikTok,17,computer,spring,no,7.24,5.51,-1.73,-0.238950276,,,,,,,,,,,,,,,,,,,,,,,,
YouTube,26,mobile,spring,no,13.23,9.98,-3.25,-0.245653817,,,,,,,,,,,,,,,,,,,,,,,,
Facebook,33,mobile,summer,no,6.82,5.1,-1.72,-0.252199413,,,,,,,,,,,,,,,,,,,,,,,,
TikTok,27,mobile,winter,yes,7.12,5.19,-1.93,-0.271067416,,,,,,,,,,,,,,,,,,,,,,,,
Facebook,35,computer,fall,no,5.58,3.98,-1.6,-0.286738351,,,,,,,,,,,,,,,,,,,,,,,,
Instagram,21,mobile,spring,no,7.88,5.57,-2.31,-0.293147208,,,,,,,,,,,,,,,,,,,,,,,,
TikTok,19,mobile,summer,no,4.33,3.05,-1.28,-0.295612009,,,,,,,,,,,,,,,,,,,,,,,,
TikTok,18,computer,fall,yes,2.73,1.92,-0.81,-0.296703297,,,,,,,,,,,,,,,,,,,,,,,,
Twitter,36,computer,fall,no,2.77,1.92,-0.85,-0.306859206,,,,,,,,,,,,,,,,,,,,,,,,
TikTok,14,mobile,spring,yes,3.52,2.42,-1.1,-0.3125,,,,,,,,,,,,,,,,,,,,,,,,
TikTok,17,mobile,fall,no,3.37,2.29,-1.08,-0.320474777,,,,,,,,,,,,,,,,,,,,,,,,
Instagram,22,mobile,spring,no,4.11,2.76,-1.35,-0.328467153,,,,,,,,,,,,,,,,,,,,,,,,
TikTok,18,mobile,spring,yes,7.12,4.69,-2.43,-0.341292135,,,,,,,,,,,,,,,,,,,,,,,,
YouTube,26,computer,fall,yes,10.74,7.05,-3.69,-0.343575419,,,,,,,,,,,,,,,,,,,,,,,,
YouTube,28,computer,fall,no,7.6,4.93,-2.67,-0.351315789,,,,,,,,,,,,,,,,,,,,,,,,
YouTube,33,mobile,summer,no,12.48,8.06,-4.42,-0.354166667,,,,,,,,,,,,,,,,,,,,,,,,
Facebook,15,mobile,summer,no,6.89,4.26,-2.63,-0.381712627,,,,,,,,,,,,,,,,,,,,,,,,
YouTube,44,mobile,summer,no,8.97,5.51,-3.46,-0.385730212,,,,,,,,,,,,,,,,,,,,,,,,
YouTube,31,computer,winter,no,13.75,8.34,-5.41,-0.393454545,,,,,,,,,,,,,,,,,,,,,,,,
YouTube,24,mobile,summer,no,6.95,4.18,-2.77,-0.398561151,,,,,,,,,,,,,,,,,,,,,,,,
YouTube,52,computer,fall,yes,6.82,3.94,-2.88,-0.42228739,,,,,,,,,,,,,,,,,,,,,,,,
Twitter,40,computer,winter,no,2.49,1.43,-1.06,-0.425702811,,,,,,,,,,,,,,,,,,,,,,,,
TikTok,22,mobile,winter,yes,5.35,3.05,-2.3,-0.429906542,,,,,,,,,,,,,,,,,,,,,,,,
Instagram,24,mobile,winter,no,5.88,3.35,-2.53,-0.430272109,,,,,,,,,,,,,,,,,,,,,,,,
TikTok,19,mobile,summer,no,7.81,4.37,-3.44,-0.440460948,,,,,,,,,,,,,,,,,,,,,,,,
YouTube,13,mobile,fall,no,5.31,2.97,-2.34,-0.440677966,,,,,,,,,,,,,,,,,,,,,,,,
Twitter,35,mobile,winter,no,2.6,1.45,-1.15,-0.442307692,,,,,,,,,,,,,,,,,,,,,,,,
TikTok,17,mobile,winter,no,3.24,1.8,-1.44,-0.444444444,,,,,,,,,,,,,,,,,,,,,,,,
TikTok,19,mobile,summer,yes,5.16,2.85,-2.31,-0.447674419,,,,,,,,,,,,,,,,,,,,,,,,
Facebook,33,mobile,fall,no,4.75,2.61,-2.14,-0.450526316,,,,,,,,,,,,,,,,,,,,,,,,
Instagram,29,computer,fall,no,4.83,2.61,-2.22,-0.459627329,,,,,,,,,,,,,,,,,,,,,,,,
Facebook,26,mobile,spring,yes,5.97,3.22,-2.75,-0.460636516,,,,,,,,,,,,,,,,,,,,,,,,
YouTube,10,mobile,fall,no,10.24,5.34,-4.9,-0.478515625,,,,,,,,,,,,,,,,,,,,,,,,
Instagram,26,mobile,summer,no,6.12,3.12,-3,-0.490196078,,,,,,,,,,,,,,,,,,,,,,,,
TikTok,18,computer,fall,no,2.72,1.38,-1.34,-0.492647059,,,,,,,,,,,,,,,,,,,,,,,,
TikTok,20,mobile,summer,yes,5.76,2.9,-2.86,-0.496527778,,,,,,,,,,,,,,,,,,,,,,,,
YouTube,41,mobile,summer,no,9.96,4.99,-4.97,-0.498995984,,,,,,,,,,,,,,,,,,,,,,,,
TikTok,16,computer,winter,yes,7.92,3.89,-4.03,-0.508838384,,,,,,,,,,,,,,,,,,,,,,,,
TikTok,16,mobile,winter,yes,2.49,1.2,-1.29,-0.518072289,,,,,,,,,,,,,,,,,,,,,,,,
TikTok,20,mobile,summer,yes,7.64,3.64,-4,-0.523560209,,,,,,,,,,,,,,,,,,,,,,,,
TikTok,18,mobile,winter,yes,7.01,3.3,-3.71,-0.529243937,,,,,,,,,,,,,,,,,,,,,,,,
TikTok,24,mobile,fall,yes,6.62,3.05,-3.57,-0.539274924,,,,,,,,,,,,,,,,,,,,,,,,
YouTube,33,computer,fall,no,8.69,3.92,-4.77,-0.548906789,,,,,,,,,,,,,,,,,,,,,,,,
Instagram,30,mobile,winter,yes,6.83,3.01,-3.82,-0.559297218,,,,,,,,,,,,,,,,,,,,,,,,
YouTube,27,computer,spring,no,6.43,2.6,-3.83,-0.595645412,,,,,,,,,,,,,,,,,,,,,,,,
Instagram,26,mobile,fall,no,4.32,1.74,-2.58,-0.597222222,,,,,,,,,,,,,,,,,,,,,,,,
YouTube,32,computer,summer,no,11.82,4.61,-7.21,-0.60998308,,,,,,,,,,,,,,,,,,,,,,,,
YouTube,35,computer,winter,yes,13.51,5.26,-8.25,-0.610658771,,,,,,,,,,,,,,,,,,,,,,,,
Instagram,34,mobile,spring,yes,7.44,2.85,-4.59,-0.616935484,,,,,,,,,,,,,,,,,,,,,,,,
YouTube,13,computer,fall,no,9.7,3.71,-5.99,-0.617525773,,,,,,,,,,,,,,,,,,,,,,,,
Instagram,22,mobile,summer,no,5.17,1.9,-3.27,-0.632495164,,,,,,,,,,,,,,,,,,,,,,,,
Facebook,28,mobile,spring,no,2.84,1.01,-1.83,-0.644366197,,,,,,,,,,,,,,,,,,,,,,,,
TikTok,18,computer,summer,yes,3.82,1.35,-2.47,-0.646596859,,,,,,,,,,,,,,,,,,,,,,,,
Facebook,45,mobile,summer,yes,6.11,2.1,-4.01,-0.656301146,,,,,,,,,,,,,,,,,,,,,,,,
YouTube,17,computer,summer,no,9.5,3.14,-6.36,-0.669473684,,,,,,,,,,,,,,,,,,,,,,,,
Instagram,28,mobile,winter,yes,6.56,2.04,-4.52,-0.68902439,,,,,,,,,,,,,,,,,,,,,,,,
TikTok,18,computer,summer,no,6.36,1.95,-4.41,-0.693396226,,,,,,,,,,,,,,,,,,,,,,,,
YouTube,27,computer,winter,yes,9.56,2.93,-6.63,-0.693514644,,,,,,,,,,,,,,,,,,,,,,,,
Instagram,23,mobile,winter,no,6.96,2.13,-4.83,-0.693965517,,,,,,,,,,,,,,,,,,,,,,,,
Facebook,29,mobile,fall,no,2.46,0.75,-1.71,-0.695121951,,,,,,,,,,,,,,,,,,,,,,,,
TikTok,22,mobile,summer,yes,5.19,1.55,-3.64,-0.701348748,,,,,,,,,,,,,,,,,,,,,,,,
TikTok,17,computer,winter,no,4.58,1.28,-3.3,-0.720524017,,,,,,,,,,,,,,,,,,,,,,,,
TikTok,21,computer,fall,yes,3.02,0.83,-2.19,-0.725165563,,,,,,,,,,,,,,,,,,,,,,,,
Instagram,25,mobile,summer,yes,7.05,1.92,-5.13,-0.727659574,,,,,,,,,,,,,,,,,,,,,,,,
TikTok,24,mobile,fall,no,6.57,1.54,-5.03,-0.765601218,,,,,,,,,,,,,,,,,,,,,,,,
YouTube,15,mobile,winter,no,6.62,1.52,-5.1,-0.770392749,,,,,,,,,,,,,,,,,,,,,,,,
YouTube,29,computer,winter,yes,10.2,2.26,-7.94,-0.778431373,,,,,,,,,,,,,,,,,,,,,,,,
Facebook,35,mobile,fall,no,6.61,1.46,-5.15,-0.779122542,,,,,,,,,,,,,,,,,,,,,,,,
YouTube,15,mobile,spring,yes,13.69,2.81,-10.88,-0.794740687,,,,,,,,,,,,,,,,,,,,,,,,
Facebook,36,mobile,winter,no,4.45,0.91,-3.54,-0.795505618,,,,,,,,,,,,,,,,,,,,,,,,
TikTok,10,computer,winter,yes,3.18,0.63,-2.55,-0.801886792,,,,,,,,,,,,,,,,,,,,,,,,
Instagram,25,mobile,spring,no,3.02,0.55,-2.47,-0.817880795,,,,,,,,,,,,,,,,,,,,,,,,
Facebook,50,computer,spring,no,3.2,0.57,-2.63,-0.821875,,,,,,,,,,,,,,,,,,,,,,,,
YouTube,38,mobile,fall,yes,12.29,0.35,-11.94,-0.971521562,,,,,,,,,,,,,,,,,,,,,,,,
,,,,,,,,,,,,,,,,,,,,,,,,,,,,,,,,
,,,,,2513.54,5328.35,2814.81,,,,,,,,,,,,,,,,,,,,,,,,,
